{
  "current_male": {
    "voice_id": "current_male",
    "filename": "current_male_rainbow_passage.mp3",
    "mean_f0": 118.39150884590065,
    "median_f0": 115.85814661697113,
    "f0_range": 156.25215482746705,
    "f0_std": 29.555751385050623,
    "jitter_ppq5": 0.011877548761819156,
    "shimmer_apq11": 0.07991779618902488,
    "hnr": 7.419342726607648,
    "voiced_fraction": 0.7217928902627512,
    "profile_used": "ci_male",
    "duration_seconds": 9.75562358276644,
    "sample_rate": 44100
  },
  "current_female": {
    "voice_id": "current_female",
    "filename": "current_female_rainbow_passage.mp3",
    "mean_f0": 147.409588811605,
    "median_f0": 155.4818087931731,
    "f0_range": 154.3326035250488,
    "f0_std": 37.10942831592768,
    "jitter_ppq5": 0.010120279540761279,
    "shimmer_apq11": 0.0820639060290441,
    "hnr": 12.966503839188189,
    "voiced_fraction": 0.7256493506493507,
    "profile_used": "ci_male",
    "duration_seconds": 9.285419501133786,
    "sample_rate": 44100
  },
  "male_deep": {
    "voice_id": "male_deep",
    "filename": "male_deep_rainbow_passage.mp3",
    "mean_f0": 144.37914803652413,
    "median_f0": 143.77129807893112,
    "f0_range": 132.31621869894576,
    "f0_std": 29.105106286974028,
    "jitter_ppq5": 0.012248290036850257,
    "shimmer_apq11": 0.10696615335078848,
    "hnr": 10.037037061619099,
    "voiced_fraction": 0.676602086438152,
    "profile_used": "ci_male",
    "duration_seconds": 10.121337868480726,
    "sample_rate": 44100
  },
  "male_narrator": {
    "voice_id": "male_narrator",
    "filename": "male_narrator_rainbow_passage.mp3",
    "mean_f0": 155.7784449169124,
    "median_f0": 167.49761432957118,
    "f0_range": 123.79808278474492,
    "f0_std": 31.880746460729167,
    "jitter_ppq5": 0.007578852440117824,
    "shimmer_apq11": 0.0800410154943937,
    "hnr": 10.496412937101864,
    "voiced_fraction": 0.6305506216696269,
    "profile_used": "ci_male",
    "duration_seconds": 8.501746031746032,
    "sample_rate": 44100
  },
  "female_warm": {
    "voice_id": "female_warm",
    "filename": "female_warm_rainbow_passage.mp3",
    "mean_f0": 142.21367382470777,
    "median_f0": 136.2184135137206,
    "f0_range": 132.85754807808974,
    "f0_std": 32.287893138057136,
    "jitter_ppq5": 0.009606198529314313,
    "shimmer_apq11": 0.10116387520125347,
    "hnr": 11.216266493379441,
    "voiced_fraction": 0.6241258741258742,
    "profile_used": "ci_male",
    "duration_seconds": 8.632358276643991,
    "sample_rate": 44100
  },
  "female_clear": {
    "voice_id": "female_clear",
    "filename": "female_clear_rainbow_passage.mp3",
    "mean_f0": 143.67374415221548,
    "median_f0": 146.04531038359335,
    "f0_range": 141.66215092330032,
    "f0_std": 25.895907353462228,
    "jitter_ppq5": 0.011451579769246656,
    "shimmer_apq11": 0.07965775892612309,
    "hnr": 11.22043952190046,
    "voiced_fraction": 0.6574585635359116,
    "profile_used": "ci_male",
    "duration_seconds": 10.90501133786848,
    "sample_rate": 44100
  },
  "female_young": {
    "voice_id": "female_young",
    "filename": "female_young_rainbow_passage.mp3",
    "mean_f0": 137.23363261592576,
    "median_f0": 126.35011582507025,
    "f0_range": 133.4427365148,
    "f0_std": 31.563869446175964,
    "jitter_ppq5": 0.008888900267309405,
    "shimmer_apq11": 0.08543171835486765,
    "hnr": 14.750341607247154,
    "voiced_fraction": 0.576271186440678,
    "profile_used": "ci_male",
    "duration_seconds": 11.558072562358277,
    "sample_rate": 44100
  }
}