{
  "current_female": {
    "voice_id": "current_female",
    "filename": "current_female_rainbow_passage.mp3",
    "mean_f0": 146.1928218616354,
    "median_f0": 158.00050174848224,
    "f0_range": 157.68371987245558,
    "f0_std": 35.15819257615031,
    "jitter_ppq5": 0.008206901291043688,
    "shimmer_apq11": 0.07819036288096637,
    "hnr": 13.5175567900438,
    "voiced_fraction": 0.7380560131795717,
    "profile_used": "ci_male",
    "duration_seconds": 9.154807256235827,
    "sample_rate": 44100
  },
  "hope_bright": {
    "voice_id": "hope_bright",
    "filename": "hope_bright_rainbow_passage.mp3",
    "mean_f0": 183.37594322980232,
    "median_f0": 187.03423251402913,
    "f0_range": 213.55853761698654,
    "f0_std": 36.23124684922014,
    "jitter_ppq5": 0.008643426685087097,
    "shimmer_apq11": 0.07762346535047557,
    "hnr": 12.378830605059566,
    "voiced_fraction": 0.6781411359724613,
    "profile_used": "ci_female_child",
    "duration_seconds": 8.76297052154195,
    "sample_rate": 44100
  },
  "alexandra_young": {
    "voice_id": "alexandra_young",
    "filename": "alexandra_young_rainbow_passage.mp3",
    "mean_f0": 171.57964469298037,
    "median_f0": 174.5330324383656,
    "f0_range": 211.0917723974673,
    "f0_std": 36.850542435081934,
    "jitter_ppq5": 0.009620743377678057,
    "shimmer_apq11": 0.08872154627153006,
    "hnr": 10.303636683367909,
    "voiced_fraction": 0.5779967159277504,
    "profile_used": "ci_female_child",
    "duration_seconds": 9.18092970521542,
    "sample_rate": 44100
  },
  "cassidy_energetic": {
    "voice_id": "cassidy_energetic",
    "filename": "cassidy_energetic_rainbow_passage.mp3",
    "mean_f0": 174.365070275663,
    "median_f0": 171.63902870543947,
    "f0_range": 208.76665485830108,
    "f0_std": 33.46309504317606,
    "jitter_ppq5": 0.01066678175509114,
    "shimmer_apq11": 0.10398588798353353,
    "hnr": 9.581899501178157,
    "voiced_fraction": 0.6524953789279113,
    "profile_used": "ci_female_child",
    "duration_seconds": 8.162154195011338,
    "sample_rate": 44100
  },
  "jessica_expressive": {
    "voice_id": "jessica_expressive",
    "filename": "jessica_expressive_rainbow_passage.mp3",
    "mean_f0": 176.86164133405748,
    "median_f0": 176.4861516736757,
    "f0_range": 206.25873408156417,
    "f0_std": 31.00283826414463,
    "jitter_ppq5": 0.00861641720468269,
    "shimmer_apq11": 0.07433246056494605,
    "hnr": 11.101358122720141,
    "voiced_fraction": 0.6476510067114094,
    "profile_used": "ci_female_child",
    "duration_seconds": 8.998072562358276,
    "sample_rate": 44100
  },
  "eryn_friendly": {
    "voice_id": "eryn_friendly",
    "filename": "eryn_friendly_rainbow_passage.mp3",
    "mean_f0": 186.8932543385672,
    "median_f0": 193.3062265803058,
    "f0_range": 212.41765316521764,
    "f0_std": 39.548036364932756,
    "jitter_ppq5": 0.005911518164389573,
    "shimmer_apq11": 0.06062260418202678,
    "hnr": 12.513028999279621,
    "voiced_fraction": 0.7361963190184049,
    "profile_used": "ci_female_child",
    "duration_seconds": 9.833990929705216,
    "sample_rate": 44100
  },
  "dorothy_warm": {
    "voice_id": "dorothy_warm",
    "filename": "dorothy_warm_rainbow_passage.mp3",
    "mean_f0": 173.1795467805443,
    "median_f0": 170.49843545653454,
    "f0_range": 204.4628783852949,
    "f0_std": 30.168301129063508,
    "jitter_ppq5": 0.008117016276366346,
    "shimmer_apq11": 0.06540774841409654,
    "hnr": 10.575328064585719,
    "voiced_fraction": 0.6058732612055642,
    "profile_used": "ci_female_child",
    "duration_seconds": 9.75562358276644,
    "sample_rate": 44100
  },
  "liv_clear": {
    "voice_id": "liv_clear",
    "filename": "liv_clear_rainbow_passage.mp3",
    "mean_f0": 114.95957481907902,
    "median_f0": 109.80168176279395,
    "f0_range": 112.81145823486075,
    "f0_std": 22.59160734643157,
    "jitter_ppq5": 0.012705158405660548,
    "shimmer_apq11": 0.1260908504836031,
    "hnr": 8.124736913068311,
    "voiced_fraction": 0.6812080536912751,
    "profile_used": "ci_female_child",
    "duration_seconds": 8.998072562358276,
    "sample_rate": 44100
  }
}